phone number ,name,email,city,age,sex,married_status,job,income,religion,nationality
9765432890,David,ydjrdqxj@example.com,Dhaka,56,Male,Divorced,Graphic Designer,136354,Other,Bangladeshi
9546781230,Albert,ibnktb@example.com,Rajshahi,51,Female,Divorced,Project Manager,97533,Hinduism,Bangladeshi
9856321470,Jhon,fzhdlf@example.com,Barisal,31,Female,Divorced,Accountant,121643,Islam,Bangladeshi
9123456789,Clave,dfqgvjlr@example.com,Chittagong,25,Male,Married,Accountant,112962,Other,Bangladeshi
9745698231,Mike,qnyvnz@example.com,Khulna,22,Male,Single,Marketing Specialist,135689,Hinduism,Bangladeshi
9876543210,Sam,rdfypvsgu@example.com,Dhaka,32,Female,Widowed,Accountant,58994,Other,Bangladeshi
9134567890,Tim,attcaxu@example.com,Khulna,45,Female,Divorced,Software Engineer,128623,Hinduism,Bangladeshi
9567890123,Fate,jgiqfvs@example.com,Rajshahi,45,Male,Widowed,Graphic Designer,33582,Other,Bangladeshi
9245678901,Ram,ihlxzmrhpr@example.com,Barisal,42,Male,Divorced,Project Manager,106264,Islam,Bangladeshi
9345678901,Tonny,ppjbqgthje@example.com,Khulna,43,Male,Divorced,Software Engineer,97069,Islam,Bangladeshi
9761234567,Jack,rgbeoe@example.com,Rajshahi,37,Female,Divorced,Software Engineer,22024,Islam,Bangladeshi
9845678901,Kim,jhfufiw@example.com,Rajshahi,43,Female,Married,Marketing Specialist,41333,Buddhism,Bangladeshi
9276543210,Akram,bqtdbkko@example.com,Chittagong,48,Female,Single,Project Manager,125574,Hinduism,Bangladeshi
9789012345,Tuins,lhvpebndyb@example.com,Chittagong,29,Female,Married,Marketing Specialist,147415,Buddhism,Bangladeshi
9156789012,Vivek,yoyrsx@example.com,Chittagong,26,Male,Single,Graphic Designer,124757,Christianity,Bangladeshi
9870123456,Soham,hovvv@example.com,Sylhet,54,Male,Divorced,Software Engineer,119738,Other,Bangladeshi
9287654321,Donald,srugzq@example.com,Chittagong,52,Female,Widowed,Project Manager,46606,Buddhism,Bangladeshi
9734567890,Piyush,zytdxhpz@example.com,Dhaka,52,Female,Divorced,Graphic Designer,127683,Other,Bangladeshi
9187654321,Baharat,juogweik@example.com,Dhaka,45,Female,Married,Software Engineer,65932,Buddhism,Bangladeshi
9678901234,Rohit,ldwzwlethz@example.com,Sylhet,48,Female,Divorced,Marketing Specialist,71068,Hinduism,Bangladeshi
9845678901,Simith,jfnwkd@example.com,Barisal,34,Male,Divorced,Software Engineer,146586,Christianity,Bangladeshi
9189023456,Puran,ujcbozu@example.com,Sylhet,51,Male,Divorced,Graphic Designer,29225,Christianity,Bangladeshi
9734567890,Click,eitzljied@example.com,Rajshahi,61,Female,Widowed,Graphic Designer,107359,Islam,Bangladeshi
9678901234,Bravo,tbasyfop@example.com,Dhaka,58,Female,Married,Marketing Specialist,110880,Islam,Bangladeshi
9245678901,Virat,kfxqzjzf@example.com,Khulna,61,Male,Married,Graphic Designer,114232,Christianity,Bangladeshi
9324567890,Don,wclncdag@example.com,Chittagong,25,Female,Married,Software Engineer,99350,Islam,Bangladeshi
9712345678,Aranav,zvydxxv@example.com,Dhaka,54,Male,Widowed,Marketing Specialist,36476,Buddhism,Bangladeshi
9856789012,Daeen,varvocehlp@example.com,Chittagong,63,Male,Single,Software Engineer,15189,Islam,Bangladeshi
9856789012,Ayush,mjrlfrfr@example.com,Barisal,61,Female,Married,Software Engineer,134191,Christianity,Bangladeshi
